id,titulo,empresa,local,tipo,modalidade,aderencia,tags,link,enviada
1,Analista de Suporte de TI - Trabalho Remoto | REF#282222,BairesDev,Remoto (Brasil),Tecnologia / Serviços,Remoto,0.72,Suporte,https://br.linkedin.com/jobs/view/analista-de-suporte-de-ti-trabalho-remoto-ref%23282222-at-bairesdev-4157637861,False
2,Analista de Suporte de TI - Trabalho Remoto | REF#284185,BairesDev,Remoto (Brasil),Tecnologia / Serviços,Remoto,0.72,Suporte,https://br.linkedin.com/jobs/view/analista-de-suporte-de-ti-trabalho-remoto-ref%23284185-at-bairesdev-4258063355,False
3,Técnico de Suporte,UNICAP,"Recife, Pernambuco, Brazil",Tecnologia / Serviços,Presencial,0.72,Suporte,https://br.linkedin.com/jobs/view/t%C3%A9cnico-de-suporte-at-unicap-4459006058,False
4,ASSISTENTE DE TI,ACCIONA,"Recife, Pernambuco, Brazil",Tecnologia / Serviços,Presencial,0.72,Suporte,https://br.linkedin.com/jobs/view/assistente-de-ti-at-acciona-4455403605,False
5,Auxiliar de Suporte de TI,Jobbol,"Recife, Pernambuco, Brazil",Tecnologia / Serviços,Presencial,0.72,Suporte,https://br.linkedin.com/jobs/view/auxiliar-de-suporte-de-ti-at-jobbol-4449637483,False
6,TÉCNICO DE SUPORTE EM TI,Mais Fibra PE,"Olinda, Pernambuco, Brazil",Tecnologia / Serviços,Presencial,0.72,Suporte,https://br.linkedin.com/jobs/view/t%C3%A9cnico-de-suporte-em-ti-at-mais-fibra-pe-4449427010,False
7,Analista de Suporte - Recife,SELFIT Academias,"Recife, Pernambuco, Brazil",Tecnologia / Serviços,Presencial,0.72,Suporte,https://br.linkedin.com/jobs/view/analista-de-suporte-recife-at-selfit-academias-4439261919,False
8,Auxiliar de TI,Arte Interativa,"Olinda, Pernambuco, Brazil",Tecnologia / Serviços,Presencial,0.72,Suporte,https://br.linkedin.com/jobs/view/auxiliar-de-ti-at-arte-interativa-4440076236,False
9,Analista de T.I,Casa dos Frios,"Recife, Pernambuco, Brazil",Tecnologia / Serviços,Presencial,0.72,Suporte,https://br.linkedin.com/jobs/view/analista-de-t-i-at-casa-dos-frios-4438419826,False
10,Analista de Suporte e Atendimento,Jobbol,"Recife, Pernambuco, Brazil",Tecnologia / Serviços,Presencial,0.72,Suporte,https://br.linkedin.com/jobs/view/analista-de-suporte-e-atendimento-at-jobbol-4457344595,False
11,ANALISTA DE SUPORTE JUNIOR,VR SOFTWARE,Greater Recife,Tecnologia / Serviços,Presencial,0.72,Suporte,https://br.linkedin.com/jobs/view/analista-de-suporte-junior-at-vr-software-4407647654,False
12,Vaga PCD Analista de Suporte - Centro Administrativo Rede Damas (Pessoa Com Deficiência - PCD),Rede Damas Educacional,"Recife, Pernambuco, Brazil",Tecnologia / Serviços,Presencial,0.72,Suporte,https://br.linkedin.com/jobs/view/vaga-pcd-analista-de-suporte-centro-administrativo-rede-damas-pessoa-com-defici%C3%AAncia-pcd-at-rede-damas-educacional-4449016576,False
13,Suporte Técnico – Departamento Pessoal,Implantta Serviços de Informática,"Recife, Pernambuco, Brazil",Tecnologia / Serviços,Presencial,0.72,Suporte,https://br.linkedin.com/jobs/view/suporte-t%C3%A9cnico-%E2%80%93-departamento-pessoal-at-implantta-servi%C3%A7os-de-inform%C3%A1tica-4454003002,False
14,Pessoa Analista de Suporte Júnior (EY SDC - Recife Porto Digital),EY,"Recife, Pernambuco, Brazil",Indústria,Presencial,0.72,Suporte,https://br.linkedin.com/jobs/view/pessoa-analista-de-suporte-j%C3%BAnior-ey-sdc-recife-porto-digital-at-ey-4457620137,False
15,Analista de Suporte - Centro Administrativo Rede Damas,Rede Damas Educacional,"Recife, Pernambuco, Brazil",Tecnologia / Serviços,Presencial,0.72,Suporte,https://br.linkedin.com/jobs/view/analista-de-suporte-centro-administrativo-rede-damas-at-rede-damas-educacional-4446265191,False
16,ANALISTA DE TI PLENO,ACCIONA,"Recife, Pernambuco, Brazil",Tecnologia / Serviços,Presencial,0.72,Infraestrutura,https://br.linkedin.com/jobs/view/analista-de-ti-pleno-at-acciona-4455418452,False
17,ESPECIALISTA DE TI,ACCIONA,"Recife, Pernambuco, Brazil",Tecnologia / Serviços,Presencial,0.72,Infraestrutura,https://br.linkedin.com/jobs/view/especialista-de-ti-at-acciona-4455418451,False
18,Assistente de TI – Infraestrutura - PE,Ibacem Agricola Comercio E Exportacao,"Petrolina, Pernambuco, Brazil",Tecnologia / Serviços,Presencial,0.72,Infraestrutura,https://br.linkedin.com/jobs/view/assistente-de-ti-%E2%80%93-infraestrutura-pe-at-ibacem-agricola-comercio-e-exportacao-4456556795,False
19,IT/OT Infrastructure & Security Engineer,Campari Group,"Cabo de Santo Agostinho, Pernambuco, Brazil",Indústria,Presencial,0.4,TI Geral,https://br.linkedin.com/jobs/view/it-ot-infrastructure-security-engineer-at-campari-group-4440355083,False
20,Técnico de Informática,Jobbol,"Olinda, Pernambuco, Brazil",Tecnologia / Serviços,Presencial,0.4,TI Geral,https://br.linkedin.com/jobs/view/t%C3%A9cnico-de-inform%C3%A1tica-at-jobbol-4449630535,False
21,Desenvolvedor Python - Trabalho Remoto,BairesDev,Remoto (Brasil),Tecnologia / Serviços,Remoto,0.79,"Python, Desenvolvimento",https://br.linkedin.com/jobs/view/desenvolvedor-python-trabalho-remoto-at-bairesdev-4457107595,False
22,Desenvolvedor Django Sênior - Trabalho Remoto | REF#296618,BairesDev,Remoto (Brasil),Tecnologia / Serviços,Remoto,0.79,"Python, Desenvolvimento",https://br.linkedin.com/jobs/view/desenvolvedor-django-s%C3%AAnior-trabalho-remoto-ref%23296618-at-bairesdev-4435347096,False
23,Pessoa Desenvolvedora Back-end Python Sênior,"NTT DATA, Inc.",Remoto (Brasil),Tecnologia / Serviços,Remoto,0.79,"Python, Desenvolvimento",https://br.linkedin.com/jobs/view/pessoa-desenvolvedora-back-end-python-s%C3%AAnior-at-ntt-data-inc-4454150844,False
24,Engenheiro(a) de Software Python Especialista,FOURSYS,Remoto (Brasil),Tecnologia / Serviços,Remoto,0.79,"Python, Desenvolvimento",https://br.linkedin.com/jobs/view/engenheiro-a-de-software-python-especialista-at-foursys-4451197213,False
25,Desenvolvedor de Software III  (Python / Django),Tembici,Remoto (Brasil),Tecnologia / Serviços,Remoto,0.79,"Python, Desenvolvimento",https://br.linkedin.com/jobs/view/desenvolvedor-de-software-iii-python-django-at-tembici-4454316025,False
26,Desenvolvedor de Software II  (Python / Django),Tembici,Remoto (Brasil),Tecnologia / Serviços,Remoto,0.79,"Python, Desenvolvimento",https://br.linkedin.com/jobs/view/desenvolvedor-de-software-ii-python-django-at-tembici-4457063501,False
27,Senior Python Developer - Remote Work,INDI Staffing Services,Remoto (Brasil),Tecnologia / Serviços,Remoto,0.79,"Python, Desenvolvimento",https://br.linkedin.com/jobs/view/senior-python-developer-remote-work-at-indi-staffing-services-4459335224,False
28,Desenvolvedor Python,Nava | Tech for Business,Remoto (Brasil),Tecnologia / Serviços,Remoto,0.79,"Python, Desenvolvimento",https://br.linkedin.com/jobs/view/desenvolvedor-python-at-nava-tech-for-business-4450161099,False
29,Senior Python Developer - Remote Work,INDI Staffing Services,Remoto (Brasil),Tecnologia / Serviços,Remoto,0.79,"Python, Desenvolvimento",https://br.linkedin.com/jobs/view/senior-python-developer-remote-work-at-indi-staffing-services-4459315462,False
30,Staff Python Software Engineer,Mindera,Remoto (Brasil),Tecnologia / Serviços,Remoto,0.79,"Python, Desenvolvimento",https://br.linkedin.com/jobs/view/staff-python-software-engineer-at-mindera-4453339242,False
31,Analista de Help Desk TI - N1 (6h),Beltis,Remoto (Brasil),Tecnologia / Serviços,Remoto,0.72,Suporte,https://br.linkedin.com/jobs/view/analista-de-help-desk-ti-n1-6h-at-beltis-4458900655,False
32,Analista de Suporte de TI - Trabalho Remoto | REF#282225,BairesDev,Remoto (Brasil),Tecnologia / Serviços,Remoto,0.72,Suporte,https://br.linkedin.com/jobs/view/analista-de-suporte-de-ti-trabalho-remoto-ref%23282225-at-bairesdev-4157638878,False
33,Analista de Suporte de TI - Trabalho Remoto | REF#284181,BairesDev,Remoto (Brasil),Tecnologia / Serviços,Remoto,0.72,Suporte,https://br.linkedin.com/jobs/view/analista-de-suporte-de-ti-trabalho-remoto-ref%23284181-at-bairesdev-4258065216,False
34,Analista de Suporte Tecnico Jr,Mercado Eletrônico,Remoto (Brasil),Tecnologia / Serviços,Remoto,0.72,Suporte,https://br.linkedin.com/jobs/view/analista-de-suporte-tecnico-jr-at-mercado-eletr%C3%B4nico-4458669021,False
35,Analista de Suporte e Atendimento,Jobbol,Remoto (Brasil),Tecnologia / Serviços,Remoto,0.72,Suporte,https://br.linkedin.com/jobs/view/analista-de-suporte-e-atendimento-at-jobbol-4457333539,False
36,Analista de Suporte e Atendimento,Jobbol,Remoto (Brasil),Tecnologia / Serviços,Remoto,0.72,Suporte,https://br.linkedin.com/jobs/view/analista-de-suporte-e-atendimento-at-jobbol-4457340571,False
37,Analista de Suporte CS,Kaptas,Remoto (Brasil),Tecnologia / Serviços,Remoto,0.72,Suporte,https://br.linkedin.com/jobs/view/analista-de-suporte-cs-at-kaptas-4458046009,False
38,Analista de suporte Pleno,DOT Digital Group,Remoto (Brasil),Tecnologia / Serviços,Remoto,0.72,Suporte,https://br.linkedin.com/jobs/view/analista-de-suporte-pleno-at-dot-digital-group-4439490276,False
39,ANALISTA DE SUPORTE (TI) JUNIOR P/D5- TJMG,Wyntech Serviços em Informática,Remoto (Brasil),Tecnologia / Serviços,Remoto,0.72,Suporte,https://br.linkedin.com/jobs/view/analista-de-suporte-ti-junior-p-d5-tjmg-at-wyntech-servi%C3%A7os-em-inform%C3%A1tica-4458041013,False
40,Desenvolvedor Python Junior - Trabalho Remoto,BairesDev,Remoto (Brasil),Tecnologia / Serviços,Remoto,0.79,"Python, Desenvolvimento",https://br.linkedin.com/jobs/view/desenvolvedor-python-junior-trabalho-remoto-at-bairesdev-4456895689,False
41,Desenvolvedor de Software Junior - Trabalho Remoto,BairesDev,Remoto (Brasil),Tecnologia / Serviços,Remoto,0.72,Desenvolvimento,https://br.linkedin.com/jobs/view/desenvolvedor-de-software-junior-trabalho-remoto-at-bairesdev-4457638511,False
42,Vindi | Desenvolvedor (a) Fullstack Júnior | Remoto,Vindi,Remoto (Brasil),Tecnologia / Serviços,Remoto,0.72,Desenvolvimento,https://br.linkedin.com/jobs/view/vindi-desenvolvedor-a-fullstack-j%C3%BAnior-remoto-at-vindi-4453597868,False
43,Desenvolvedor Backend Python Júnior,byx,Remoto (Brasil),Tecnologia / Serviços,Remoto,0.79,"Python, Desenvolvimento",https://br.linkedin.com/jobs/view/desenvolvedor-backend-python-j%C3%BAnior-at-byx-4457495990,False
44,Desenvolvimento Python Junior/Pleno - Remoto - São Paulo - SP - 135458,GFT Technologies,Remoto (Brasil),Tecnologia / Serviços,Remoto,0.79,"Python, Desenvolvimento",https://br.linkedin.com/jobs/view/desenvolvimento-python-junior-pleno-remoto-s%C3%A3o-paulo-sp-135458-at-gft-technologies-4453457815,False
45,Desenvolvedor(a) Java/Python Júnior | Camunda,T-Systems do Brasil,Remoto (Brasil),Tecnologia / Serviços,Remoto,0.79,"Python, Desenvolvimento",https://br.linkedin.com/jobs/view/desenvolvedor-a-java-python-j%C3%BAnior-camunda-at-t-systems-do-brasil-4447145391,False
46,Programador Junior,Jobgether,Remoto (Brasil),Tecnologia / Serviços,Remoto,0.72,Desenvolvimento,https://br.linkedin.com/jobs/view/programador-junior-at-jobgether-4456860204,False
47,"Junior Software Engineer — Remote, Brazil",MixRank,Remoto (Brasil),Tecnologia / Serviços,Remoto,0.72,Desenvolvimento,https://br.linkedin.com/jobs/view/junior-software-engineer-%E2%80%94-remote-brazil-at-mixrank-4415454307,False
48,Junior Software Engineer,Power Digital Marketing,Remoto (Brasil),Tecnologia / Serviços,Remoto,0.72,Desenvolvimento,https://br.linkedin.com/jobs/view/junior-software-engineer-at-power-digital-marketing-4455896202,False
49,Desenvolvedor,MML Sistemas de Automação,Remoto (Brasil),Tecnologia / Serviços,Remoto,0.86,"Python, Automação / RPA, Desenvolvimento",https://br.linkedin.com/jobs/view/desenvolvedor-at-mml-sistemas-de-automa%C3%A7%C3%A3o-4449588153,False
50,Desenvolvedor(a) Python SR — Automação e Integrações,Zallpy Digital,Remoto (Brasil),Tecnologia / Serviços,Remoto,0.86,"Python, Automação / RPA, Desenvolvimento",https://br.linkedin.com/jobs/view/desenvolvedor-a-python-sr-%E2%80%94-automa%C3%A7%C3%A3o-e-integra%C3%A7%C3%B5es-at-zallpy-digital-4444364754,False
51,Programador Junior,Benner,Remoto (Brasil),Tecnologia / Serviços,Remoto,0.86,"Python, Automação / RPA, Desenvolvimento",https://br.linkedin.com/jobs/view/programador-junior-at-benner-4454653073,False
52,"""Desenvolvedor de automação redes pleno #1016447""",Dexian Brasil,Remoto (Brasil),Tecnologia / Serviços,Remoto,0.93,"Infraestrutura, Python, Automação / RPA",https://br.linkedin.com/jobs/view/desenvolvedor-de-automa%C3%A7%C3%A3o-redes-pleno-%231016447-at-dexian-brasil-4458652672,False
53,"Desenvolvedor de sistemas, Automação RPA e IA Agents",FCamara,Remoto (Brasil),Tecnologia / Serviços,Remoto,0.86,"Python, Automação / RPA, Desenvolvimento",https://br.linkedin.com/jobs/view/desenvolvedor-de-sistemas-automa%C3%A7%C3%A3o-rpa-e-ia-agents-at-fcamara-4452031286,False
54,Engenheiro de Software,Ibope,Remoto (Brasil),Tecnologia / Serviços,Remoto,0.86,"Python, Automação / RPA, Desenvolvimento",https://br.linkedin.com/jobs/view/engenheiro-de-software-at-ibope-4437051536,False
